{"count":1,"gauges":{},"self":3.2257278,"total":3.2383835999999997,"children":{"AgentResetIfDone":{"count":148,"self":0.0019719,"total":0.0019719,"children":null},"AgentSendState":{"count":148,"self":0.0012806999999999999,"total":0.0033396999999999997,"children":{"CollectObservations":{"count":148,"self":0.002059,"total":0.002059,"children":null}}},"DecideAction":{"count":148,"self":0.0019314999999999998,"total":0.0019314999999999998,"children":null},"AcademyStep":{"count":148,"self":0.0005442,"total":0.0005442,"children":null},"AgentAct":{"count":148,"self":0.0028683999999999997,"total":0.0028683999999999997,"children":null}}}