{"count":1,"gauges":{},"self":216.2956288,"total":223.6139045,"children":{"AgentResetIfDone":{"count":11116,"self":0.0333653,"total":0.0333653,"children":null},"AgentSendState":{"count":11116,"self":0.0426226,"total":0.0609891,"children":{"CollectObservations":{"count":1810,"self":0.0183665,"total":0.0183665,"children":null}}},"DecideAction":{"count":10340,"self":7.0556768,"total":7.0800418,"children":{"AgentInfo.ToProto":{"count":1034,"self":0.0243652,"total":0.0243652,"children":null}}},"AcademyStep":{"count":10340,"self":0.0215524,"total":0.0215524,"children":null},"AgentAct":{"count":10340,"self":0.120323,"total":0.120323,"children":null}}}