{"count":1,"gauges":{},"self":652.967936,"total":674.05558669999994,"children":{"AgentResetIfDone":{"count":33633,"self":0.118169,"total":0.118169,"children":null},"AgentSendState":{"count":33633,"self":0.097680099999999992,"total":0.1071897,"children":{"CollectObservations":{"count":3364,"self":0.0095096,"total":0.0095096,"children":null}}},"DecideAction":{"count":33633,"self":20.3841264,"total":20.4458771,"children":{"AgentInfo.ToProto":{"count":3364,"self":0.06175,"total":0.06175,"children":null}}},"AcademyStep":{"count":33633,"self":0.072746499999999992,"total":0.072746499999999992,"children":null},"AgentAct":{"count":33633,"self":0.34264829999999996,"total":0.34264829999999996,"children":null}}}