{"count":1,"self":7.8650448,"total":7.9882531,"children":{"AgentResetIfDone":{"count":378,"self":0.0062933,"total":0.0062933,"children":null},"AgentSendState":{"count":378,"self":0.0027957999999999998,"total":0.0195333,"children":{"CollectObservations":{"count":608,"self":0.0167375,"total":0.0167375,"children":null}}},"DecideAction":{"count":378,"self":0.0925414,"total":0.0925414,"children":null},"AcademyStep":{"count":378,"self":0.0028438,"total":0.0028438,"children":null},"AgentAct":{"count":378,"self":0.0009969,"total":0.0009969,"children":null}}}